mod_name,item_id,nutrition,saturation,tag,type level,note
minecraft,minecraft:apple,2,4,,1,苹果
minecraft,minecraft:beef,2,4,,1,生牛肉
minecraft,minecraft:beetroot,2,4,,1,甜菜根
minecraft,minecraft:carrot,2,4,,1,胡萝卜
minecraft,minecraft:chicken,2,4,,1,生鸡肉
minecraft,minecraft:chorus_fruit,2,4,,1,紫颂果
minecraft,minecraft:cod,2,4,,1,生鳕鱼
minecraft,minecraft:melon_slice,2,4,,1,西瓜片
minecraft,minecraft:mutton,2,4,,1,生羊肉
minecraft,minecraft:porkchop,2,4,,1,生猪排
minecraft,minecraft:potato,2,4,,1,马铃薯
minecraft,minecraft:pufferfish,2,4,,1,河豚
minecraft,minecraft:rabbit,2,4,,1,生兔肉
minecraft,minecraft:salmon,2,4,,1,生鲑鱼
minecraft,minecraft:spider_eye,2,4,,1,蜘蛛眼
minecraft,minecraft:sweet_berries,2,4,,1,越橘
minecraft,minecraft:tropical_fish,2,4,,1,热带鱼
kaleidoscope_cookery,kaleidoscope_cookery:green_chili,2,4,,1,青辣椒
kaleidoscope_cookery,kaleidoscope_cookery:lettuce,2,4,,1,生菜
kaleidoscope_cookery,kaleidoscope_cookery:raw_cow_offal,2,4,,1,生牛杂
kaleidoscope_cookery,kaleidoscope_cookery:raw_cut_small_meats,2,4,,1,生切制小肉
kaleidoscope_cookery,kaleidoscope_cookery:raw_lamb_chops,2,4,,1,生羊排
kaleidoscope_cookery,kaleidoscope_cookery:raw_pork_belly,2,4,,1,生五花肉
kaleidoscope_cookery,kaleidoscope_cookery:red_chili,2,4,,1,红辣椒
kaleidoscope_cookery,kaleidoscope_cookery:tomato,2,4,,1,番茄
kaleidoscope_chinesefood,kaleidoscope_chinesefood:eggplant,2,4,,1,茄子
kaleidoscope_chinesefood,kaleidoscope_chinesefood:yellow_croaker,2,4,,1,黄花鱼
farmersdelight,farmersdelight:bacon,2,4,,1,生培根
farmersdelight,farmersdelight:cabbage_leaf,2,4,,1,卷心菜叶
farmersdelight,farmersdelight:chicken_cuts,2,4,,1,生鸡肉丁
farmersdelight,farmersdelight:cod_slice,2,4,,1,生鳕鱼片
farmersdelight,farmersdelight:ham,4,8,manual,2,火腿
farmersdelight,farmersdelight:mutton_chops,2,4,,1,生羊排
farmersdelight,farmersdelight:onion,2,4,,1,洋葱
farmersdelight,farmersdelight:pumpkin_slice,2,4,,1,南瓜片
farmersdelight,farmersdelight:salmon_slice,2,4,,1,生鲑鱼片
farmersdelight,farmersdelight:tomato,2,4,,1,番茄
mynethersdelight,mynethersdelight:bullet_pepper,2,4,,1,爆弹椒
mynethersdelight,mynethersdelight:ghasta,2,4,,1,恶魂意面
mynethersdelight,mynethersdelight:hoglin_loin,2,4,,1,疣猪兽腰肉
mynethersdelight,mynethersdelight:hoglin_sausage,2,4,,1,疣猪兽香肠
mynethersdelight,mynethersdelight:strider_egg,2,4,,1,炽足兽蛋
mynethersdelight,mynethersdelight:strider_slice,2,4,,1,炽足兽肉片
alexscaves,alexscaves:caramel,2,4,,1,焦糖
alexscaves,alexscaves:lanternfish,2,4,,1,灯笼鱼
alexscaves,alexscaves:licoroot_vine,2,4,,1,甘草蔓
alexscaves,alexscaves:pine_nuts,2,4,,1,松子
alexscaves,alexscaves:radgill,2,4,,1,辐鳃鱼
alexscaves,alexscaves:sea_pig,2,4,,1,海猪
alexscaves,alexscaves:sweet_puff,2,4,,1,甜泡芙
alexscaves,alexscaves:trilocaris_tail,2,4,,1,生三叶虾尾
alexscaves,alexscaves:tripodfish,2,4,,1,三脚鱼
alexscaves,alexscaves:vesper_wing,2,4,,1,夜行蝠翼
alexsmobs,alexsmobs:banana,2,4,,1,香蕉
alexsmobs,alexsmobs:blobfish,2,4,,1,水滴鱼
alexsmobs,alexsmobs:flying_fish,2,4,,1,飞鱼
alexsmobs,alexsmobs:gongylidia,2,4,,1,菌丝球
alexsmobs,alexsmobs:kangaroo_meat,2,4,,1,袋鼠肉
alexsmobs,alexsmobs:lobster_tail,2,4,,1,龙虾尾
alexsmobs,alexsmobs:maggot,2,4,,1,蛆
alexsmobs,alexsmobs:moose_ribs,2,4,,1,生驼鹿排
alexsmobs,alexsmobs:raw_catfish,2,4,,1,生鲶鱼
alexsmobsdelight,alexsmobsdelight:cockroach,2,4,,1,蟑螂
alexsmobsdelight,alexsmobsdelight:leafcutter_ant,2,4,,1,切叶蚁
alexsmobsdelight,alexsmobsdelight:mimic_octopus_tentacle,2,4,,1,拟态章鱼触手
alexsmobsdelight,alexsmobsdelight:mushroom_hat,2,4,,1,蘑菇帽
alexsmobsdelight,alexsmobsdelight:raw_anaconda,2,4,,1,生森蚺肉
alexsmobsdelight,alexsmobsdelight:raw_bear_meat,2,4,,1,生熊肉
alexsmobsdelight,alexsmobsdelight:raw_bear_meat_slice,2,4,,1,生熊肉片
alexsmobsdelight,alexsmobsdelight:raw_bison_meat,2,4,,1,生野牛肉
alexsmobsdelight,alexsmobsdelight:raw_bison_meat_cubes,2,4,,1,生野牛肉丁
alexsmobsdelight,alexsmobsdelight:raw_catfish_slice,2,4,,1,生鲶鱼片
alexsmobsdelight,alexsmobsdelight:raw_centipede_body,2,4,,1,生蜈蚣躯干
alexsmobsdelight,alexsmobsdelight:raw_crocodile_claw,2,4,,1,生鳄鱼爪
alexsmobsdelight,alexsmobsdelight:raw_crocodile_meat,2,4,,1,生鳄鱼肉
alexsmobsdelight,alexsmobsdelight:raw_crocodile_tail,2,4,,1,生鳄鱼尾
alexsmobsdelight,alexsmobsdelight:raw_devils_hole_pupfish,2,4,,1,生魔鳉鱼
alexsmobsdelight,alexsmobsdelight:raw_devils_hole_pupfish_slice,2,4,,1,生魔鳉鱼片
alexsmobsdelight,alexsmobsdelight:raw_emu,2,4,,1,生鸸鹋
alexsmobsdelight,alexsmobsdelight:raw_emu_leg,2,4,,1,生鸸鹋腿
alexsmobsdelight,alexsmobsdelight:raw_flying_fish_slice,2,4,,1,生飞鱼片
alexsmobsdelight,alexsmobsdelight:raw_froststalker_leg,2,4,,1,生寒霜潜伏者腿
alexsmobsdelight,alexsmobsdelight:raw_froststalker_meat,2,4,,1,生寒霜潜伏者肉块
alexsmobsdelight,alexsmobsdelight:raw_hummingbird,2,4,,1,生蜂鸟
alexsmobsdelight,alexsmobsdelight:raw_kangaroo_meat_slice,2,4,,1,生袋鼠肉片
alexsmobsdelight,alexsmobsdelight:raw_mudskipper,2,4,,1,生弹涂鱼
alexsmobsdelight,alexsmobsdelight:raw_mudskipper_slice,2,4,,1,生弹涂鱼片
alexsmobsdelight,alexsmobsdelight:raw_seagull,2,4,,1,生海鸥
alexsmobsdelight,alexsmobsdelight:raw_tarantula_hawk_abdomen,2,4,,1,生捕蛛蜂腹部
alexsmobsdelight,alexsmobsdelight:raw_tarantula_hawk_larva,2,4,,1,生捕蛛蜂幼虫
alexsmobsdelight,alexsmobsdelight:raw_turtle_meat,2,4,,1,生龟肉
alexsmobsdelight,alexsmobsdelight:raw_tusklin_meat,2,4,,1,生长牙兽肉
alexsmobsdelight,alexsmobsdelight:seal_meat,2,4,,1,海豹肉
alexsmobsdelight,alexsmobsdelight:skelewag_eye,2,4,,1,骷髅剑鱼眼
companions,companions:antlion_fur,2,4,,1,蚁狮皮毛
companions,companions:mutant_flesh,2,4,,1,突变之肉
concoction,concoction:animal_fat,2,4,,1,动物脂肪
concoction,concoction:cabbage_leaf,2,4,,1,卷心菜叶
concoction,concoction:cherry,2,4,,1,樱桃
concoction,concoction:corn,2,4,,1,玉米
concoction,concoction:green_onion,2,4,,1,青葱
concoction,concoction:onion,2,4,,1,洋葱
concoction,concoction:puffball,2,4,,1,马勃菌
concoction,concoction:reapper,2,4,,1,幽灵死神椒
concoction,concoction:spicy_pepper,2,4,,1,红辣椒
concoction,concoction:tomato,2,4,,1,番茄
create_bic_bit,create_bic_bit:raw_herring,2,4,,1,生鲱鱼
dungeonsdelight,dungeonsdelight:bogged_brain,2,4,,1,沼脑
dungeonsdelight,dungeonsdelight:brined_flesh,2,4,,1,盐水肉
dungeonsdelight,dungeonsdelight:cleaved_ancient_egg,2,4,,1,切开的远古蛋
dungeonsdelight,dungeonsdelight:ghast_calamari,2,4,,1,恶魂触须圈
dungeonsdelight,dungeonsdelight:gritty_flesh,2,4,,1,沙粒肉
dungeonsdelight,dungeonsdelight:rotgourd_slice,2,4,,1,腐瓜片
dungeonsdelight,dungeonsdelight:rotten_tripe,2,4,,1,腐烂内脏
dungeonsdelight,dungeonsdelight:silverfish_abdomen,2,4,,1,蠹虫腹肉
dungeonsdelight,dungeonsdelight:sniffer_shank,2,4,,1,生嗅探兽腿肉
dungeonsdelight,dungeonsdelight:spider_meat,2,4,,1,蜘蛛肉
ends_delight,ends_delight:chorus_fruit_grain,2,4,,1,紫颂果粒
ends_delight,ends_delight:chorus_succulent,2,4,,1,紫颂多肉植物
ends_delight,ends_delight:dragon_leg,2,4,,1,龙腿
ends_delight,ends_delight:enderman_gristle,2,4,,1,末影人脆骨
ends_delight,ends_delight:raw_dragon_meat,2,4,,1,生龙肉
ends_delight,ends_delight:raw_dragon_meat_cuts,2,4,,1,生龙肉块
ends_delight,ends_delight:raw_ender_mite_meat,2,4,,1,生末影螨肉
ends_delight,ends_delight:shulker_meat,2,4,,1,潜影贝肉
ends_delight,ends_delight:shulker_meat_slice,2,4,,1,潜影贝肉片
extradelight,extradelight:cactus,2,4,,1,仙人掌桨
extradelight,extradelight:chili,2,4,,1,辣椒
extradelight,extradelight:croutons,2,4,,1,面包丁
extradelight,extradelight:cucumber,2,4,,1,黄瓜
extradelight,extradelight:garlic,2,4,,1,蒜
extradelight,extradelight:garlic_clove,2,4,,1,蒜瓣
extradelight,extradelight:melon_rind,2,4,,1,西瓜片
extradelight,extradelight:panforte_slice,2,4,,1,潘福特切片
extradelight,extradelight:potato_sticks,2,4,,1,薯条
extradelight,extradelight:sunflower_seeds,2,4,,1,向日葵种子
frightsdelight,frightsdelight:soul_berry,2,4,,1,灵魂浆果
frightsdelight,frightsdelight:wither_berry,2,4,,1,凋灵浆果
immortalers_delight,immortalers_delight:evolutcorn,2,4,,1,白垩玉黍
immortalers_delight,immortalers_delight:evolutcorn_grains,2,4,,1,白垩玉黍粒
immortalers_delight,immortalers_delight:gelpitaya_flesh,2,4,,1,冰蛟果肉
immortalers_delight,immortalers_delight:himekaido,2,4,,1,姬海棠果
immortalers_delight,immortalers_delight:kwat_wheat,2,4,,1,瓦斯麦
immortalers_delight,immortalers_delight:obsidian_walnut_kernel,2,4,,1,曜石胡桃仁
immortalers_delight,immortalers_delight:oxygrape,2,4,,1,氧葡萄
immortalers_delight,immortalers_delight:pearlip,2,4,,1,棱蕉
immortalers_delight,immortalers_delight:pearlipearl,2,4,,1,棱珠
immortalers_delight,immortalers_delight:raw_sniffer_tail,2,4,,1,生嗅探兽尾
immortalers_delight,immortalers_delight:sextlotus_root,2,4,,1,既望芜菁
immortalers_delight,immortalers_delight:sextlotus_root_cuts,2,4,,1,既望芜菁切块
jadensnetherexpansiondelight,jadensnetherexpansiondelight:hogham_slice,2,4,,1,疣猪火腿片
jadensnetherexpansiondelight,jadensnetherexpansiondelight:wraithing_flesh_slice,2,4,,1,魂缠肉片
kaleidoscope_end,kaleidoscope_end:dragon_egg_liquid,2,4,,1,龙蛋液
kaleidoscope_end,kaleidoscope_end:dream_berry,2,4,,1,梦境浆果
kaleidoscope_end,kaleidoscope_end:optic_nerve,2,4,,1,视神经
kaleidoscope_end,kaleidoscope_end:raw_ender_dragon_meat,2,4,,1,生末影龙肉
kaleidoscope_end,kaleidoscope_end:raw_endermite_meat,2,4,,1,生末影螨肉
kaleidoscope_grilling,kaleidoscope_grilling:sichuan_pepper,2,4,,1,花椒
kaleidoscope_nether,kaleidoscope_nether:ghast_tentacle,2,4,,1,恶魂触手
kaleidoscope_nether,kaleidoscope_nether:ham,2,4,,1,疣猪火腿
kaleidoscope_nether,kaleidoscope_nether:poisonous_fruit,2,4,,1,迷毒果
kaleidoscope_nether,kaleidoscope_nether:raw_piglin_meat,2,4,,1,生猪灵肉
kaleidoscope_nether,kaleidoscope_nether:raw_strider_meat,2,4,,1,生炽足兽肉
kaleidoscope_nether,kaleidoscope_nether:warped_fruit,2,4,,1,诡异果
kaleidoscope_tavern,kaleidoscope_tavern:gold_grape,2,4,,1,黄金葡萄
kaleidoscope_tavern,kaleidoscope_tavern:grape,2,4,,1,葡萄
kaleidoscope_tavern,kaleidoscope_tavern:green_grape,2,4,,1,青提葡萄
kaleidoscope_tavern,kaleidoscope_tavern:ice_grape,2,4,,1,冰葡萄
naturalist,naturalist:anglerfish,2,4,,1,Anglerfish
naturalist,naturalist:bass,2,4,,1,生鲈鱼
naturalist,naturalist:blobfish,2,4,,1,Blobfish
naturalist,naturalist:bushmeat,2,4,,1,Bushmeat
naturalist,naturalist:catfish,2,4,,1,生鲶鱼
naturalist,naturalist:clam_meat,2,4,,1,Clam Meat
naturalist,naturalist:crab_meat,2,4,,1,Crab Meat
naturalist,naturalist:duck,2,4,,1,生鸭肉
naturalist,naturalist:lizard_tail,2,4,,1,蜥蜴尾
naturalist,naturalist:mammoth_meat,2,4,,1,Raw Mammoth Meat
naturalist,naturalist:piranha,2,4,,1,Piranha
naturalist,naturalist:venison,2,4,,1,生鹿肉
netherexp,netherexp:cerebrage,2,4,,1,脑心菜
netherexp,netherexp:hogham,2,4,,1,生疣猪火腿
quark,quark:crab_leg,2,4,,1,生螃蟹腿
spawn,spawn:bluefish,2,4,,1,扁鲹
spawn,spawn:bluefish_slice,2,4,,1,扁鲹片
spawn,spawn:dates,2,4,,1,椰枣
spawn,spawn:dodo,2,4,,1,生渡渡鸟肉
spawn,spawn:herring,2,4,,1,鲱鱼
spawn,spawn:herring_slice,2,4,,1,鲱鱼片
spawn,spawn:tuna_chunk,2,4,,1,金枪鱼块
spawn,spawn:tuna_slice,2,4,,1,金枪鱼片
tide,tide:coelacanth,2,4,,1,腔棘鱼
tide,tide:crystal_shrimp,2,4,,1,晶虾
tide,tide:elytrout,2,4,,1,鞘翅鳟
tide,tide:enderfin,2,4,,1,末影鳍鱼
tide,tide:endergazer,2,4,,1,末影凝视者
tide,tide:fish_slice,2,4,,1,生鱼片
tide,tide:gilded_minnow,2,4,,1,金鲦鱼
tide,tide:glowfish,2,4,,1,荧光鱼
tide,tide:incandescent_larva,2,4,,1,白炽幼虫
tide,tide:iron_tetra,2,4,,1,铁脂鲤
tide,tide:lapis_lanternfish,2,4,,1,青金灯笼鱼
tide,tide:pale_clubfish,2,4,,1,苍白棒鱼
tide,tide:sun_emblem,2,4,,1,烈阳徽章水母
youkaishomecoming,youkaishomecoming:black_grape,2,4,,1,黑葡萄
youkaishomecoming,youkaishomecoming:crab,2,4,,1,螃蟹
youkaishomecoming,youkaishomecoming:crab_meat,2,4,,1,蟹粉
youkaishomecoming,youkaishomecoming:crab_roe,2,4,,1,蟹籽
youkaishomecoming,youkaishomecoming:cucumber,2,4,,1,黄瓜
youkaishomecoming,youkaishomecoming:cucumber_slice,2,4,,1,黄瓜丝
youkaishomecoming,youkaishomecoming:flesh,2,4,,1,怪肉
youkaishomecoming,youkaishomecoming:flesh_slice,2,4,,1,怪肉片
youkaishomecoming,youkaishomecoming:otoro,2,4,,1,金枪鱼大腹
youkaishomecoming,youkaishomecoming:raw_boarchop,2,4,,1,生野猪肉
youkaishomecoming,youkaishomecoming:raw_boarchop_bits,2,4,,1,生野猪肉丁
youkaishomecoming,youkaishomecoming:raw_lamprey,2,4,,1,生八目鳗
youkaishomecoming,youkaishomecoming:raw_lamprey_fillet,2,4,,1,生八目鳗片
youkaishomecoming,youkaishomecoming:raw_tuna,2,4,,1,生金枪鱼排
youkaishomecoming,youkaishomecoming:raw_tuna_slice,2,4,,1,生金枪鱼排片
youkaishomecoming,youkaishomecoming:raw_venison,2,4,,1,生鹿排
youkaishomecoming,youkaishomecoming:raw_venison_slice,2,4,,1,生鹿片
youkaishomecoming,youkaishomecoming:red_grape,2,4,,1,红葡萄
youkaishomecoming,youkaishomecoming:roe,2,4,,1,鲑鱼籽
youkaishomecoming,youkaishomecoming:white_grape,2,4,,1,白葡萄
farmersdelight,farmersdelight:cooked_rice,2,4,generated,1,米饭
minecraft,minecraft:egg,2,4,non-food,1,鸡蛋
